Method,True_val,Random,Logistic,IsolationForest,KNN,MLP,Anomaly,Likelihood
True_val,0.5,-0.0015096022314243784,0.5,-0.0074048912267365985,0.08091004999438062,0.013209359592839642,0.021308419407550072,0.052163699521919515
RandomRandom,0.016642104145332126,1.0,0.016642104145332126,0.0004918536693390707,0.0015517914097816776,0.005605680857664996,0.029968251383393096,0.022163812428135088
LogisticLogistic,1.0,0.016642104145332126,1.0,0.007039303149104614,0.1479680631124734,0.08935274207975158,0.07675961188070818,0.1833355487185786
IsolationForestIsolationForest,0.007039303149104614,0.0004918536693390707,0.007039303149104614,1.0,0.003554751265145095,0.05351690863116643,0.008667792823573273,0.016481339422267094
KNNKNN,0.1479680631124734,0.0015517914097816776,0.1479680631124734,0.003554751265145095,1.0,0.06805038260067114,0.07970749387338766,0.08939328056728524
MLPMLP,0.08935274207975158,0.005605680857664996,0.08935274207975158,0.05351690863116643,0.06805038260067114,1.0,0.07314839967057407,0.11069924057367969
AnomalyAnomaly,0.07675961188070818,0.029968251383393096,0.07675961188070818,0.008667792823573273,0.07970749387338766,0.07314839967057407,1.0,0.709905610141149
LikelihoodLikelihood,0.1833355487185786,0.022163812428135088,0.1833355487185786,0.016481339422267094,0.08939328056728524,0.11069924057367969,0.709905610141149,1.0
